seed,arm,panel,total,success,yaw_score_deg,physical,design,contact,yaw,design_failed,noncompleted
1609,M3-zero,regular,96,29,1.6055012828623936,96,93,65,6,3,0
1609,M3-zero,controlled,40,14,1.9253223784340503,40,36,20,8,4,0
1609,M3-route,regular,96,2,2.1162649238704447,96,93,92,4,3,0
1609,M3-route,controlled,40,2,2.3834579300622982,40,36,38,0,4,0
1609,V6-route,regular,96,54,1.1881117828817325,96,94,36,4,2,0
1609,V6-route,controlled,40,23,1.6570697813055861,40,38,6,9,2,0
1609,L2-route,regular,96,90,0.5181107633847092,96,92,0,4,4,0
1609,L2-route,controlled,40,26,1.202794978015253,40,37,0,13,3,0
1610,M3-zero,regular,96,16,2.25047982226995,96,96,76,24,0,0
1610,M3-zero,controlled,40,12,2.7318328706148787,40,38,22,13,2,0
1610,M3-route,regular,96,30,1.4909723512469792,96,92,62,3,4,0
1610,M3-route,controlled,40,25,1.6932952577587237,40,36,8,7,4,0
1610,V6-route,regular,96,75,0.8987298120154398,96,95,17,4,1,0
1610,V6-route,controlled,40,27,1.303060703496023,40,40,2,10,0,0
1610,L2-route,regular,96,93,0.4943937537933634,96,95,0,3,1,0
1610,L2-route,controlled,40,27,1.1987303641985592,40,36,0,10,4,0
1611,M3-zero,regular,96,43,1.8408797064876108,96,92,48,17,4,0
1611,M3-zero,controlled,40,15,2.158458812905068,40,36,20,9,4,0
1611,M3-route,regular,96,6,2.4219670707646332,96,93,90,12,3,0
1611,M3-route,controlled,40,2,2.5513981456340735,40,36,36,5,4,0
1611,V6-route,regular,96,62,1.3094696846674216,96,95,29,4,1,0
1611,V6-route,controlled,40,26,1.6224298620302355,40,40,0,13,0,0
1611,L2-route,regular,96,92,0.48244634177093,96,94,0,2,2,0
1611,L2-route,controlled,40,28,1.1714607470982639,40,39,0,11,1,0
