method,seed,status,active_state,main_pid,consumed_policy_steps,evaluation_count,selected_policy_steps,development_success,development_yaw_score_deg,completed_registered_budget,development_eligible_for_full_budget_comparison
M3,1609,completed,inactive,0,2000000,100,820000,29,0.9575918692280827,True,True
B2-V,1609,running,active,134759,1220000,60,1200000,28,0.7788708658456915,False,False
B2,1609,not_started,inactive,0,,0,,,,False,False
M3,1610,not_started,inactive,0,,0,,,,False,False
B2-V,1610,not_started,inactive,0,,0,,,,False,False
B2,1610,not_started,inactive,0,,0,,,,False,False
M3,1611,not_started,inactive,0,,0,,,,False,False
B2-V,1611,not_started,inactive,0,,0,,,,False,False
B2,1611,not_started,inactive,0,,0,,,,False,False
